[
    {
        "information": "\"The Earth is the cradle of the mind, but one cannot live in a cradle forever.\" -- Konstantin Eduardovich Tsiolkovsky, Russian rocket scientist, 1911",
        "space_distance": "0",
        "name": "Earth",
        "distance": "0",
        "imageName": "earth.jpg",
        "id": "1"
    },
    {
        "information": "100km above sea level, outer space begins. \"We want to explore. We're curious people. Look back over history, people have put their lives at stake to go out and explore. We believe in what we're doing. Now it's time to go.\" -Eileen Collins, NASA Space Shuttle Commander",
        "space_distance": "100000",
        "name": "Earth's Atmosphere",
        "distance": "804.672",
        "imageName": "atmosphere.jpg",
        "id": "2"
    },
    {
        "information": "The Moon rotates about its axis in the same time it takes to orbit the Earth, so the same face is always turned toward us. The side facing away is sometimes called the \"dark side,\" but actually it is illuminated just as often-- it's being lit up when the side facing us appears dark. Sorry, Pink Floyd.",
        "space_distance": "384400000",
        "name": "The Moon",
        "distance": "1609.344",
        "imageName": "moon.jpg",
        "id": "3"
    },
    {
        "information": "Yes, a \"magnetotail\" is a thing. Earth's \"magnetosphere\" is the volume around it controlled by its magnetic field. It's always getting hit by the \"solar wind,\" a strong stream of charged particles from the Sun. So towards the Sun, the sphere gets compressed down, and away it is skewed into a long tail.",
        "space_distance": "6300000000",
        "name": "Earth's Magnetotail",
        "distance": "2414.016",
        "imageName": "magnetotail.png",
        "id": "4"
    },
    {
        "information": "Often called the Red Planet because of all the iron oxide (rust) on its surface. In 2013, the Curiosity Rover discovered that Mars' soil contains 1.5-3% water by mass. The rover tweets photos and more @MarsCuriosity.",
        "space_distance": "57600000000",
        "name": "Mars",
        "distance": "3218.688",
        "imageName": "mars.jpg",
        "id": "5"
    },
    {
        "information": "Phobos is the larger and closer of Mars' two moons. It orbits so close to the planet that it moves around Mars faster than Mars rotates. So if you live on Mars, it looks like Phobos rises in the west and then sets in the east just over 4 hours later. And this happens twice a day!",
        "space_distance": "57609376000",
        "name": "Phobos",
        "distance": "4023.36",
        "imageName": "phobos.jpg",
        "id": "6"
    },
    {
        "information": "Deimos is the outer moon of Mars. Its two largest craters are Swift and Voltaire, named after the 18th century authors of \"Gulliver's Travels\" and \"Candide.\" In his travels, Gulliver met fictional Laputans who had \"discovered\" that Mars had two moons. The book was written fifty years BEFORE real-life humans actually discovered them!",
        "space_distance": "57623463200",
        "name": "Deimos",
        "distance": "4828.032",
        "imageName": "deimos.jpg",
        "id": "7"
    },
    {
        "information": "The asteroid belt between Mars and Jupiter is spread over so much space that it's actually mostly empty-- no need to dodge rocks like in the movies. When first discovered in the early 1800's, asteroids were hard to distinguish from stars. Thus the name aster-oid, meaning \"star-like.\" We now know they aren't stars at all, but the name's stuck.",
        "space_distance": "159000000000",
        "name": "The Asteroid Belt",
        "distance": "5632.704",
        "imageName": "asteroid_belt.png",
        "id": "8"
    },
    {
        "information": "Ceres is the largest asteroid in the belt between Mars and Jupiter. It's classified as a \"dwarf planet,\" like Pluto. It very likely has an ocean of liquid water under its surface, which may harbor life. NASA's \"Dawn\" probe is expected to arrive there in February 2015, so we'll know more then.",
        "space_distance": "255000000000",
        "name": "Ceres",
        "distance": "6437.376",
        "imageName": "ceres.jpg",
        "id": "9"
    },
    {
        "information": "The largest planet in the Solar System, named after the ancient Roman king of gods. A giant storm over 12,000 km (~7,500 mi) wide that's been going on since at least the 17th century forms the Great Red Spot on its surface.",
        "space_distance": "628613593300",
        "name": "Jupiter",
        "distance": "7242.048",
        "imageName": "jupiter.jpg",
        "id": "10"
    },
    {
        "information": "The four \"Galilean\" moons of Jupiter were discovered by Galileo in 1610. Io is the innermost of the four. With over 400 active volcanoes, it's the most geologically active object in the Solar System. ",
        "space_distance": "629035293300",
        "name": "Io",
        "distance": "8046.72",
        "imageName": "io.jpg",
        "id": "11"
    },
    {
        "information": "The second Galilean moon of Jupiter, Europa, is one of the front-runners for possible extraterrestrial life in the Solar System. There's no proof yet, but there could be life in its under-ice ocean. The 2013 film \"Europa Report\" provided a fictional possibility of that discovery, and the European Space Agency's \"JUICE\" probe will provide a first close look when it gets there in 2030.",
        "space_distance": "629284493300",
        "name": "Europa",
        "distance": "8851.392",
        "imageName": "europa.jpg",
        "id": "12"
    },
    {
        "information": "The third \"Galilean\" moon of Jupiter, Ganymede, is the largest moon in the solar system and has a larger diameter than the planet Mercury. A saltwater ocean is believed to exist nearly 200km below its surface, sandwiched between layers of ice.",
        "space_distance": "629683993300",
        "name": "Ganymede",
        "distance": "9656.064",
        "imageName": "ganymede.jpg",
        "id": "13"
    },
    {
        "information": "Callisto is farthest of the four Galilean moons of Jupiter, all discovered in 1610 by Galileo. A 2003 NASA report proposed a surface base on Callisto. With its low levels of radiation and geological stability, it could be a sort of refueling waystation for vessels headed toward other moons of Jupiter or farther into the outer Solar System.",
        "space_distance": "630496293300",
        "name": "Callisto",
        "distance": "11265.408",
        "imageName": "callisto.jpg",
        "id": "14"
    },
    {
        "information": "Saturn is perennial favorite because of its famous rings. The rings are made of countless small, orbiting particles of water, ice, and trace rocky material. Confused by the way they seemed to disappear when oriented directly at Earth, Galileo once wondered \"has Saturn swallowed his children?\" This referenced the ancient Roman god Saturn's bad habit of eating his children to prevent them from overthrowing him.",
        "space_distance": "1283166048000",
        "name": "Saturn",
        "distance": "12874.752",
        "imageName": "saturn.jpg",
        "id": "15"
    },
    {
        "information": "Mimas is the closest of Saturn's major moons. It's the smallest known astronomical body that is round due to self-gravitation. Mimas has been noted for its resemblance to the Death Star in the film \"Star Wars.\" But anyone flying close will note: \"that's no space station... it's a moon!\"",
        "space_distance": "1283351048000",
        "name": "Mimas",
        "distance": "14484.096",
        "imageName": "mimas.jpg",
        "id": "16"
    },
    {
        "information": "Enceladus, a moon of Saturn, has ice volcanoes at its South Pole. ICE VOLCANOES! Some of what shoots out of them comes back down as snow, some gets caught up and adds to Saturn's rings, and some reaches Saturn. Ice. Volcanoes.",
        "space_distance": "1283403996000",
        "name": "Enceladus",
        "distance": "16093.44",
        "imageName": "enceladus.jpg",
        "id": "17"
    },
    {
        "information": "Tethys is a moon of Saturn, covered mostly by water ice that makes its surface very reflective. But a small fraction of the surface is covered by an unidentified dark material...",
        "space_distance": "1283460667000",
        "name": "Tethys",
        "distance": "17702.784",
        "imageName": "tethys.jpg",
        "id": "18"
    },
    {
        "information": "Dione, a moon of Saturn, is composed mostly of water ice and is known for its \"ice cliffs.\" These were a bit of a mystery until 2004, when the Cassini probe took close-up pictures and revealed them as the result of massive tectonic fractures.",
        "space_distance": "1283543444000",
        "name": "Dione",
        "distance": "19312.128",
        "imageName": "dione.jpg",
        "id": "19"
    },
    {
        "information": "In 2008, NASA announced the possibility that Rhea, a moon of Saturn, might have its own rings. But in 2010, the Cassini probe found no evidence and it now seems unlikely. Still, the discovery of some mysterious blue ice along Rhea's equator keeps the possibility open.",
        "space_distance": "1283693156000",
        "name": "Rhea",
        "distance": "20921.472",
        "imageName": "rhea.jpg",
        "id": "20"
    },
    {
        "information": "By far the largest moon of Saturn, Titan is the only place in the Solar System other than Earth with stable bodies of surface liquid (it has methane rivers and lakes) as well as the only other place with a nitrogen-rich atmosphere (it has a climate complete with wind and methane rain).",
        "space_distance": "1284387918000",
        "name": "Titan",
        "distance": "22530.816",
        "imageName": "titan.jpg",
        "id": "21"
    },
    {
        "information": "Iapetus is the farthest major moon of Saturn and has two unique features. First, it has two huge sections of different colors: one dark brown and one bright gray. The two colors interlock like the surface of a tennis ball. Second, it has a long ridge along its equator that makes the moon look a little like a walnut shell. So to recap: Iapetus is the walnut tennis ball moon.",
        "space_distance": "1286726868000",
        "name": "Iapetus",
        "distance": "24140.16",
        "imageName": "iapetus.jpg",
        "id": "22"
    },
    {
        "information": "Uranus is the seventh planet from the Sun. OK. Let's have a talk about its name. Astronomers usually stress the first syllable (EWR-i-nis), but stressing the second (ew-RAY-nes) is OK too. You should also ask the nearest 8-year-old which one they prefer.",
        "space_distance": "2725563622000",
        "name": "Uranus",
        "distance": "25749.504",
        "imageName": "uranus.jpg",
        "id": "23"
    },
    {
        "information": "Miranda, smallest and innermost of Uranus's five major moons, was named after the character from Shakespeare's \"The Tempest.\" It has very rough, broken terrain on its icy surface. Which may be because of... ice volcanoes!",
        "space_distance": "2725693012000",
        "name": "Miranda",
        "distance": "27358.848",
        "imageName": "miranda.jpg",
        "id": "24"
    },
    {
        "information": "Ariel is the second-closest of Uranus's major moons. Because it is on its side as it rotates the Sun, it is subject to an extreme seasonal cycle. This also means Ariel's poles see permanent daylight or night lasting for half a Uranian year (42 Earth years). Winter is coming, indeed.",
        "space_distance": "2725754642000",
        "name": "Ariel",
        "distance": "28968.192",
        "imageName": "ariel.jpg",
        "id": "25"
    },
    {
        "information": "Umbriel is the darkest of the Uranian moons, and imaging of its surface is still of fairly low resolution. The closest look we've had was with the Voyager 2, which got within a mere 325,000 km.",
        "space_distance": "2725829622000",
        "name": "Umbriel",
        "distance": "30577.536",
        "imageName": "umbriel.jpg",
        "id": "26"
    },
    {
        "information": "Titania is the largest Uranian moon. It might have a liquid ocean buried deep inside, sandwiched between its core and mantle layers.",
        "space_distance": "2725999532000",
        "name": "Titania",
        "distance": "32186.88",
        "imageName": "titania.jpg",
        "id": "27"
    },
    {
        "information": "The surface of Oberon, slightly dark and red in color, appears to have been primarily shaped by asteroid and comet impacts. It's three biggest craters are named Hamlet, Othello, and Macbeth.",
        "space_distance": "2726147142000",
        "name": "Oberon",
        "distance": "33796.224",
        "imageName": "oberon.jpg",
        "id": "28"
    },
    {
        "information": "Neptune is the eighth and furthest planet from the Sun. Its atmosphere has pretty nasty weather; wind speeds can reach 2,100 km/hr (1,300 mph)!",
        "space_distance": "4351521261652",
        "name": "Neptune",
        "distance": "35405.568",
        "imageName": "neptune.jpg",
        "id": "29"
    },
    {
        "information": "Triton, largest moon of Neptune, is the only large moon in the Solar System that rotates in the opposite direction to its planet's rotation. It was the setting for the Nebula-nominated 1976 novel of the same name.",
        "space_distance": "4351876020652",
        "name": "Triton",
        "distance": "37014.912",
        "imageName": "triton.jpg",
        "id": "30"
    },
    {
        "information": "Extending far past Neptune is the Kuiper Belt. It's similar to the asteroid belt between Mars and Jupiter, except 20 times as wide and 20-200 times more massive. It was only discovered in 1992!",
        "space_distance": "5000000000000",
        "name": "The Kuiper Belt",
        "distance": "38624.256",
        "imageName": "kuiper_belt.png",
        "id": "31"
    },
    {
        "information": "Discovered in 1930, Pluto was originally considered the ninth planet. But in 2006 it was reclassified as a dwarf planet because it's not big enough to clear the neighborhood around its orbit.",
        "space_distance": "5721156752000",
        "name": "Pluto",
        "distance": "40233.6",
        "imageName": "pluto.jpg",
        "id": "32"
    },
    {
        "information": "With all these planets and moons on their orbit, it can be hard to remember that the Solar System itself is orbiting the center of the Milky Way galaxy at 220 km/sec (140 mi/s). And that our galaxy, in turn, has its own path among other galaxies. There's plenty out there to discover.",
        "space_distance": "17950000000000",
        "name": "Interstellar Space",
        "distance": "42195",
        "imageName": "interstellar_space.jpg",
        "id": "33"
    }
]